sim_no,player,team,position,salary,ppr
1,Jahmyr Gibbs,DET,RB,8000,25.34
2,Jahmyr Gibbs,DET,RB,8000,25.6
3,Jahmyr Gibbs,DET,RB,8000,16.78
4,Jahmyr Gibbs,DET,RB,8000,18.65
5,Jahmyr Gibbs,DET,RB,8000,19.36
6,Jahmyr Gibbs,DET,RB,8000,14.88
7,Jahmyr Gibbs,DET,RB,8000,12.19
8,Jahmyr Gibbs,DET,RB,8000,12.27
9,Jahmyr Gibbs,DET,RB,8000,22.69
10,Jahmyr Gibbs,DET,RB,8000,25.97
11,Jahmyr Gibbs,DET,RB,8000,21.1
12,Jahmyr Gibbs,DET,RB,8000,21.99
13,Jahmyr Gibbs,DET,RB,8000,17.35
14,Jahmyr Gibbs,DET,RB,8000,38.49
15,Jahmyr Gibbs,DET,RB,8000,18.84
16,Jahmyr Gibbs,DET,RB,8000,14.98
17,Jahmyr Gibbs,DET,RB,8000,9.84
18,Jahmyr Gibbs,DET,RB,8000,15.48
19,Jahmyr Gibbs,DET,RB,8000,10.26
20,Jahmyr Gibbs,DET,RB,8000,42.73
21,Jahmyr Gibbs,DET,RB,8000,29.54
22,Jahmyr Gibbs,DET,RB,8000,22.05
23,Jahmyr Gibbs,DET,RB,8000,27.52
24,Jahmyr Gibbs,DET,RB,8000,19.66
25,Jahmyr Gibbs,DET,RB,8000,15.87
26,Jahmyr Gibbs,DET,RB,8000,13.98
27,Jahmyr Gibbs,DET,RB,8000,40.73
28,Jahmyr Gibbs,DET,RB,8000,31.73
29,Jahmyr Gibbs,DET,RB,8000,41.99
30,Jahmyr Gibbs,DET,RB,8000,27.67
31,Jahmyr Gibbs,DET,RB,8000,19.07
32,Jahmyr Gibbs,DET,RB,8000,20.17
33,Jahmyr Gibbs,DET,RB,8000,14.33
34,Jahmyr Gibbs,DET,RB,8000,26.69
35,Jahmyr Gibbs,DET,RB,8000,19.95
36,Jahmyr Gibbs,DET,RB,8000,17.83
37,Jahmyr Gibbs,DET,RB,8000,17.57
38,Jahmyr Gibbs,DET,RB,8000,35.1
39,Jahmyr Gibbs,DET,RB,8000,19.06
40,Jahmyr Gibbs,DET,RB,8000,51.01
41,Jahmyr Gibbs,DET,RB,8000,30.27
42,Jahmyr Gibbs,DET,RB,8000,12.61
43,Jahmyr Gibbs,DET,RB,8000,9.55
44,Jahmyr Gibbs,DET,RB,8000,18.87
45,Jahmyr Gibbs,DET,RB,8000,24.43
46,Jahmyr Gibbs,DET,RB,8000,26.74
47,Jahmyr Gibbs,DET,RB,8000,19.95
48,Jahmyr Gibbs,DET,RB,8000,15.35
49,Jahmyr Gibbs,DET,RB,8000,13.42
50,Jahmyr Gibbs,DET,RB,8000,24.54
